mapa,algoritmo,iteraciones,supervivencia_media,supervivencia_min,supervivencia_max,tiempo_media,tiempo_desviacion,tiempo_min,tiempo_max,evacuados_totales,muertos_totales,atrapados_totales,corridas_sin_sobrevivientes
Alta densidad / Cuello de botella,BFS,120,80.76041666666667,66.25,92.5,51.94166666666667,2.563512672530062,46,57,7753,1847,0,0
Alta densidad / Cuello de botella,UCS,120,86.13541666666667,71.25,98.75,55.583333333333336,2.650733651065095,50,62,8269,1331,0,0
Alta densidad / Cuello de botella,Greedy,120,79.77083333333333,65.0,93.75,51.74166666666667,2.675493204792135,46,58,7658,1942,0,0
Alta densidad / Cuello de botella,A*,120,86.09375,71.25,98.75,55.74166666666667,2.80325951151314,50,62,8265,1335,0,0
Alta densidad / Cuello de botella,Genetico,120,81.4375,66.25,95.0,53.266666666666666,2.600427315312278,47,62,7818,1782,0,0
Densidad media / Laberinto corporativo,BFS,120,100.0,100.0,100.0,51.65833333333333,1.562561109916096,48,56,9600,0,0,0
Densidad media / Laberinto corporativo,UCS,120,99.67708333333333,96.25,100.0,51.75,2.494159845185014,48,70,9569,31,0,0
Densidad media / Laberinto corporativo,Greedy,120,99.57291666666667,96.25,100.0,56.59166666666667,2.7583081569848007,50,62,9559,41,0,0
Densidad media / Laberinto corporativo,A*,120,99.32291666666667,96.25,100.0,51.958333333333336,2.8295931195530963,48,70,9535,65,0,0
Densidad media / Laberinto corporativo,Genetico,120,92.67708333333333,83.75,97.5,94.03333333333333,7.542030377969994,69,114,8897,703,0,0
Baja densidad / Dispersion abierta,BFS,120,99.20833333333333,96.25,100.0,53.24166666666667,1.1761223953691593,50,57,9524,76,0,0
Baja densidad / Dispersion abierta,UCS,120,99.34375,96.25,100.0,52.016666666666666,1.1179097558489335,50,55,9537,63,0,0
Baja densidad / Dispersion abierta,Greedy,120,99.22916666666667,96.25,100.0,51.8,0.9966610925150702,49,54,9526,74,0,0
Baja densidad / Dispersion abierta,A*,120,99.34375,96.25,100.0,51.9,1.036018017861337,50,55,9537,63,0,0
Baja densidad / Dispersion abierta,Genetico,120,98.90625,96.25,100.0,54.59166666666667,3.1024072194919152,50,70,9495,105,0,0
